{
  "episode": 200,
  "tiger_wins": 3,
  "goat_wins": 97,
  "draws": 100,
  "average_game_length": 184.405,
  "total_rewards": {
    "tiger": [
      22446.5,
      31158.3,
      24296.499999999956,
      27723.100000000075,
      29039.2,
      29395.999999999964,
      26780.50000000003,
      24957.69999999993,
      32845.69999999999,
      30763.900000000012,
      31773.400000000063,
      17657.2,
      31949.299999999996,
      30533.70000000004,
      4898.599999999999,
      27652.700000000063,
      26146.200000000037,
      32888.200000000026,
      9984.399999999998,
      28211.200000000033,
      23692.699999999997,
      24328.800000000047,
      13830.300000000003,
      4898.599999999999,
      24683.000000000065,
      20741.300000000003,
      28503.80000000007,
      31022.49999999999,
      31988.299999999996,
      26138.599999999962,
      22488.600000000002,
      5628.799999999998,
      13093.200000000008,
      30241.89999999993,
      29177.6,
      25522.799999999934,
      4898.599999999999,
      4898.599999999999,
      5628.799999999998,
      4898.599999999999,
      30193.90000000001,
      28474.00000000007,
      31158.3,
      23507.6,
      30191.4,
      4898.599999999999,
      31552.5,
      22593.90000000003,
      4898.599999999999,
      4898.599999999999,
      4898.599999999999,
      5258.700000000001,
      28522.600000000017,
      30984.499999999996,
      22488.600000000002,
      4898.599999999999,
      4898.599999999999,
      4898.599999999999,
      4898.599999999999,
      4898.599999999999,
      4898.599999999999,
      11516.7,
      27575.70000000007,
      31260.800000000036,
      23782.09999999998,
      27664.700000000063,
      16071.500000000002,
      24430.0,
      4898.599999999999,
      4898.599999999999,
      28782.899999999965,
      2826.3,
      4898.599999999999,
      4898.599999999999,
      4898.599999999999,
      26818.499999999956,
      28470.700000000066,
      22070.0,
      4898.599999999999,
      4898.599999999999,
      23408.399999999998,
      4898.599999999999,
      28798.099999999966,
      4898.599999999999,
      4898.599999999999,
      4898.599999999999,
      4898.599999999999,
      20057.000000000015,
      24182.599999999984,
      4898.599999999999,
      28592.8,
      23420.799999999996,
      4898.599999999999,
      4898.599999999999,
      5628.799999999998,
      27645.700000000063,
      19612.399999999947,
      28843.899999999947,
      28312.599999999988,
      28555.8,
      5332.3,
      23587.699999999997,
      4403.900000000001,
      4898.599999999999,
      4898.599999999999,
      4898.599999999999,
      29635.399999999994,
      11180.399999999996,
      4898.599999999999,
      4898.599999999999,
      23566.899999999998,
      27663.600000000064,
      28592.8,
      4898.599999999999,
      4898.599999999999,
      27664.700000000063,
      23535.8,
      25415.500000000044,
      26786.700000000026,
      4898.599999999999,
      23619.299999999996,
      4898.599999999999,
      28503.80000000007,
      20297.900000000005,
      4898.599999999999,
      4898.599999999999,
      24430.0,
      28405.699999999993,
      4898.599999999999,
      5332.3,
      8832.5,
      4898.599999999999,
      23654.899999999998,
      23803.3,
      4898.599999999999,
      7089.199999999996,
      4898.599999999999,
      4898.599999999999,
      4898.599999999999,
      4898.599999999999,
      4898.599999999999,
      4898.599999999999,
      24430.0,
      4898.599999999999,
      4898.599999999999,
      31957.89999999996,
      4898.599999999999,
      4898.599999999999,
      4898.599999999999,
      4898.599999999999,
      27664.700000000063,
      4898.599999999999,
      28503.80000000007,
      32476.700000000008,
      19335.90000000002,
      29218.29999999993,
      27645.700000000063,
      29209.599999999955,
      4898.599999999999,
      28481.200000000066,
      16181.3,
      4898.599999999999,
      28592.8,
      18543.19999999997,
      16070.900000000001,
      18590.19999999997,
      4898.599999999999,
      4898.599999999999,
      4898.599999999999,
      4898.599999999999,
      16124.800000000001,
      16165.899999999998,
      4898.599999999999,
      27664.700000000063,
      4898.599999999999,
      4898.599999999999,
      4898.599999999999,
      28470.700000000066,
      4898.599999999999,
      4898.599999999999,
      4898.599999999999,
      5628.799999999998,
      29120.499999999993,
      4898.599999999999,
      4898.599999999999,
      33287.600000000086,
      4898.599999999999,
      23442.799999999996,
      4898.599999999999,
      4898.599999999999,
      4898.599999999999,
      4898.599999999999,
      4898.599999999999,
      30191.4,
      4898.599999999999,
      4898.599999999999,
      4898.599999999999,
      4898.599999999999,
      4898.599999999999,
      4898.599999999999
    ],
    "goat": [
      14435.5,
      18262.5,
      24718.5,
      15855.5,
      18318.5,
      17075.0,
      22858.0,
      16668.5,
      14729.5,
      17079.5,
      15596.5,
      21153.5,
      21357.5,
      20619.5,
      3140.0,
      20573.5,
      17246.0,
      17729.0,
      4902.5,
      15317.5,
      21304.0,
      16424.0,
      8921.5,
      3140.0,
      20315.5,
      21761.0,
      19532.0,
      18020.5,
      21241.5,
      15497.5,
      16872.0,
      3659.5,
      5745.5,
      20020.0,
      17336.0,
      19724.5,
      3140.0,
      3140.0,
      3659.5,
      3140.0,
      18097.0,
      19246.5,
      18262.5,
      21325.0,
      20888.5,
      3140.0,
      14355.0,
      18471.5,
      3140.0,
      3140.0,
      3140.0,
      3439.0,
      17353.5,
      18083.0,
      16872.0,
      3140.0,
      3140.0,
      3140.0,
      3140.0,
      3140.0,
      3140.0,
      9057.5,
      16107.5,
      20701.5,
      22728.0,
      20563.5,
      21582.0,
      15705.0,
      3140.0,
      3140.0,
      19407.0,
      1724.5,
      3140.0,
      3140.0,
      3140.0,
      17444.5,
      19486.0,
      20690.0,
      3140.0,
      3140.0,
      21304.0,
      3140.0,
      19339.0,
      3140.0,
      3140.0,
      3140.0,
      3140.0,
      17308.0,
      15873.0,
      3140.0,
      19992.5,
      20789.0,
      3140.0,
      3140.0,
      3659.5,
      20593.0,
      22480.0,
      17957.0,
      17953.0,
      19942.0,
      3382.0,
      21412.0,
      2700.0,
      3140.0,
      3140.0,
      3140.0,
      18463.0,
      3636.5,
      3140.0,
      3140.0,
      21351.0,
      20582.0,
      19992.5,
      3140.0,
      3140.0,
      20563.5,
      21325.0,
      20865.5,
      22858.0,
      3140.0,
      21316.0,
      3140.0,
      19532.0,
      17178.0,
      3140.0,
      3140.0,
      15705.0,
      15819.5,
      3140.0,
      3382.0,
      6581.5,
      3140.0,
      21351.0,
      19602.5,
      3140.0,
      4698.5,
      3140.0,
      3140.0,
      3140.0,
      3140.0,
      3140.0,
      3140.0,
      15705.0,
      3140.0,
      3140.0,
      18341.0,
      3140.0,
      3140.0,
      3140.0,
      3140.0,
      20563.5,
      3140.0,
      19532.0,
      20276.5,
      17689.0,
      18836.0,
      20593.0,
      19455.0,
      3140.0,
      19523.0,
      21453.0,
      3140.0,
      19992.5,
      19818.5,
      21632.0,
      19759.5,
      3140.0,
      3140.0,
      3140.0,
      3140.0,
      21578.0,
      21501.0,
      3140.0,
      20563.5,
      3140.0,
      3140.0,
      3140.0,
      19486.0,
      3140.0,
      3140.0,
      3140.0,
      3659.5,
      12747.0,
      3140.0,
      3140.0,
      20775.5,
      3140.0,
      20789.0,
      3140.0,
      3140.0,
      3140.0,
      3140.0,
      3140.0,
      20888.5,
      3140.0,
      3140.0,
      3140.0,
      3140.0,
      3140.0,
      3140.0
    ]
  },
  "win_rates": {
    "tiger": [
      0.04,
      0.02,
      0.01,
      0.01
    ],